type,name,notice,furigana
可燃,アイス枕・アイスノン,,あ
不燃B,アイロン,,あ
粗大,アイロン台,一辺の長さが50㎝以内ならば「可燃」ただし、金属部分が多いものは「不燃Ｂ」,あ
粗大,アクリル板,一辺の長さが50㎝以内ならば「可燃」,あ
粗大,アコーディオンカーテン,一辺の長さを50㎝以内に切断すれば「可燃」,あ
不燃B,アダプター,電源用コードは50㎝以内に切断すること,あ
古紙,厚紙,紐できちんと十字に縛り、ごみ袋へは入れない,あ
不燃B,圧力鍋,,あ
不燃A・危険,油缶,洗剤で洗ったものは「缶」,あ
不燃A・危険,油こし容器（金属製）,洗剤で洗ったものは「不燃Ｂ」,あ
可燃,油こし容器（プラスチック製）,,あ
可燃,油こし紙,,あ
不燃A・危険,油びん,洗剤で洗ったものは「びん」,あ
可燃,油ボトル　,,あ
可燃,雨がっぱ（ゴム・ナイロン製）,一辺の長さを50㎝以内に切断すること,あ
粗大,雨戸・網戸・雨どい,一辺の長さを50㎝以内に切断すれば「 可燃」（ただし、金属製のものは「不燃Ｂ」）,あ
粗大,編み機（家庭用）,一辺の長さが50㎝以内ならば「不燃Ｂ」,あ
粗大,網戸の網（家庭用）,一辺の長さを50㎝以内に切断すれば「可燃」（ただし、金属製のものは「不燃Ｂ」）,あ
可燃,アルバム（写真）,,あ
プラ,アルミコーティングの菓子袋・冷凍食品の袋,,あ
粗大,アルミサッシ,一辺の長さを50㎝以内に切断すれば「不燃Ｂ」,あ
可燃,アルミ箔（ホイル）,広げて出す。 丸めて固めた場合は 「不燃Ｂ」,あ
不燃B,泡立て器（電動のものを含む）,,あ
不燃B,安全ピン,,あ
粗大,アンテナ（テレビ用）,,あ
不燃B,アンテナケーブル,50㎝以内に切る,あ
不燃B,アンプ,容量が20?または一辺の長さが50㎝を超えると「粗大」,あ
粗大,衣装ケース,容量が20?以内かつ一辺の長さが50㎝以下のときは不燃Ｂ（ただし、厚さ２㎜未満のプラスチック製のものは可燃),い
可燃,植木の剪定枝,50㎝以内の長さ、5㎝以内の太さ、30㎝以内の束にして出す,う
不燃A・危険,植木鉢（陶磁器製）,容量が20?または一辺の長さが50㎝を超えると「粗大」,う
不燃B,植木鉢（プラスチック製）,厚さ２mm以下のものは「可燃」、容量が20?または一辺の長さが50cmを超えると「粗大」,う
不燃B,植木用支柱（金属・プラスチック製）,一辺の長さを50㎝以内に切断すること,う
可燃,浮き輪,一辺の長さを50㎝以内に切断すること,う
可燃,うちわ,,う
不燃B,腕時計,,う
粗大,乳母車,,う
可燃,運動靴,,う
不燃B,エアーポンプ,,え
粗大,オーディオラック,一辺の長さを50㎝以内に切断すれば、金属製…「不燃Ｂ」、木製…「可燃」,お
×,オートバイ,購入店・販売店等に相談する,お
粗大,オーブン・オーブントースター,容量が20?または一辺の長さが50㎝以内ならば「不燃Ｂ」,お
不燃B,王冠・キャップ（金属製）,,お
プラ,王冠・キャップ（プラスチック製）,,お
×,オイルエレメント,購入店・販売店等に相談する,お
粗大,オイルヒーター,,お
粗大,応接ソファ,,お
粗大,応接テーブル,,お
粗大,大型トレーニング器具,,お
不燃B,桶（金属・プラスチック製）,容量が20?または一辺の長さが50㎝を超えると「粗大」,お
可燃,桶（木製）,容量が20?または一辺の長さが50㎝を超えると「粗大」,お
不燃B,おたま（金属・プラスチック製）,,お
可燃,おたま（木製）,,お
可燃,落ち葉,,お
可燃,帯,50㎝以内に切る,お
不燃B,おまる（プラスチック製）,容量が20?または一辺の長さが50㎝を超えると「粗大」,お
可燃,おむつ・おむつカバー,汚物は取り除く,お
不燃B,おもちゃ（金属・プラスチック製）,容量が20?または一辺の長さが50㎝を超えると「粗大」,お
可燃,おもちゃ（木製）,容量が20?または一辺の長さが50㎝を超えると「粗大」,お
不燃B,折りたたみカサ,,お
粗大,折りたたみ机・イス,一辺の長さを50㎝以内に切断すれば、木製…「可燃」、金属製…「不燃Ｂ」,お
粗大,オルガン,,お
不燃A・危険,温度計,,お
不燃B,温度計（電気式）,ボタン電池は取り除くこと,お
粗大,温風ヒーター,,お
粗大,カーテン,一辺の長さを50㎝以内に切断すれば、「可燃」,か
粗大,カーテンレール,一辺の長さを50㎝以内に切断すれば、金属製…「不燃Ｂ」、木製…「可燃」,か
粗大,カーペット,一辺の長さを50㎝以内に切断すれば、「可燃」,か
可燃,カーボン紙,,か
可燃,貝殻,,か
不燃B,懐中電灯,,か
可燃,カイロ（使い捨て）,,か
不燃A・危険,鏡,一辺の長さが50㎝を超えると「粗大」割れたものは紙でくるみ中身を明記,か
不燃B,カゴ（金属・プラスチック製）,容量が20?または一辺の長さが50㎝を超えると「粗大」,か
可燃,カゴ（天然材）,容量が20?または一辺の長さが50㎝を超えると「粗大」,か
不燃B,傘,,か
缶,菓子缶,,か
不燃B,加湿器,容量が20?または一辺の長さが50㎝を超えると「粗大」,か
プラ,菓子袋,中身をとりのぞいて水洗いする,か
粗大,ガス給湯器（家庭用）,業者工事のものは産業廃棄物業者に引き取ってもらう,か
粗大,ガステーブル,,か
不燃A・危険,ガスボンベ（カセットコンロ用）,中身を使い切り、穴をあけて出す,か
不燃B,ガスマット（レンジ用アルミホイル）,,か
粗大,ガスレンジ,容量が20?または一辺の長さが50㎝以内ならば「不燃B」,か
可燃,カセットテープ,,か
不燃B,カセットプレーヤー,容量が20?または一辺の長さが50㎝を超えると「粗大」,か
不燃A・危険,ガソリン・シンナー・灯油等が入っていた空の缶又はびん,ガソリン・シンナー・灯油等は購入先・販売店等で引き取ってもらう,か
不燃B,カッターナイフ,先端部分は紙等で保護し、カッターナイフと書く,か
プラ,カップ麺の容器・包装フィルム,容器は水洗いする,か
可燃,蚊取り線香,,か
可燃,カバン,一辺が50㎝もしくは容量が20?を超えると「粗大」、金具はできるだけはずして「不燃Ｂ」,か
不燃A・危険,花びん,,か
可燃,壁紙,一辺の長さを50㎝以内に切断すること,か
不燃B,釜,,か
不燃B,鎌（カマ）,先端部分は紙等で保護し、カマと書く長さが50㎝を超えるものは「粗大」,か
可燃,紙コップ,,か
可燃,紙皿,,か
古紙,紙箱類,紐できちんと十字に縛り、ごみ袋へは入れない。一辺を50㎝以内にする。,か
不燃B,カミソリ（替え刃を含む）,先端部分は紙等で保護し、カミソリと書く,か
可燃,紙粘土,,か
可燃,髪の毛,,か
古紙,紙パック,水洗いして乾かし、開いて出す,か
可燃,紙やすり,,か
可燃,ガムテープ,,か
不燃B,カメラ（使い捨てカメラを含む）,,か
古紙,画用紙,紐できちんと十字に縛り、ごみ袋へは入れない,か
粗大,カラーボックス,容量が20?以内かつ一辺の長さを50㎝以内にすれば、木製…「可燃」、２㎜以上のプラスチック製…「不燃B」,か
粗大,カラオケセット,,か
不燃A・危険,ガラス板（窓ガラス）,一辺が50㎝を超えると「粗大」,か
不燃A・危険,ガラス食器,割れたものは紙等で保護し、ガラスと書く,か
不燃A・危険,軽石,,か
可燃,革靴,,か
不燃A・危険,瓦,レジ袋２袋以上ある場合は直接最終処分場へ持ち込む（有料）。自ら取壊し、自ら搬入するものに限る。建設廃棄物は取り扱いしません。,か
不燃B,換気扇,,か
不燃B,換気扇カバー,,か
不燃B,換気扇フィルター（金属製）,,か
不燃B,缶切り,,か
プラ,緩衝材（プラスチック製）,,か
可燃,乾燥剤,,か
不燃A・危険,乾電池,ボタン電池・ニカド電池等は、販売店等で引き取ってもらう,か
可燃,感熱紙,,か
可燃,木,剪定ごみは50㎝以内の長さ、5㎝以内の太さ、30㎝以内の束にする。一辺が50㎝を超えるものは粗大。（粗大のときは、太さ10～15㎝以内、長さ1．5m以内にする）,き
粗大,キーボード,一辺の長さが50㎝以内のものは「不燃Ｂ」,き
不燃B,キーホルダー,,き
不燃B,貴金属,,き
粗大,ギター,,き
可燃,キッチンペーパー,,き
不燃A・危険,ギブス（石膏を自分で取ったもの）,50㎝以内に切る,き
可燃,着物,一辺の長さを50㎝以内に切断すること,き
粗大,脚立,,き
可燃,キャッシュカード,,き
不燃B,キャップ・王冠　（金属製）,,き
プラ,キャップ・王冠　（プラスチック製）,,き
不燃B,きゅうす（金属製）,,き
不燃A・危険,きゅうす（陶磁器製）,,き
古紙,牛乳パック,中身は使い切って水洗いする。紐できちんと十字に縛る。ごみ袋へは入れない,き
不燃B,給油ポンプ（電動）,50㎝超えると「粗大」、乾電池は取り外して「危険」,き
可燃,給油ポンプ（プラスチック製）,50㎝を超えると「粗大」,き
粗大,鏡台,,き
不燃B,キリ,先端部分は紙等で保護し、キリと書く,き
不燃B,霧吹き,厚さ2㎜未満のプラスチック製のものは「可燃」,き
可燃,禁煙用パイプ,,き
不燃A・危険,金魚鉢,容量が20?または一辺の長さが50㎝を超えると「粗大」、プラスチック製は「不燃B」,き
不燃B,金庫,容量が20?または一辺の長さが50㎝を超えると「粗大」,き
不燃B,金属製たわし,,き
家電,クーラー,家電リサイクル法に従って処理する,く
不燃B,クーラーボックス,容量が20?または一辺の長さが50㎝を超えると「粗大」,く
粗大,空気入れ（自転車用）,,く
不燃B,空気清浄機,容量が20?または一辺の長さが50㎝を超えると「粗大」,く
不燃B,クギ,先端部分は紙等で保護し、クギと書く,く
不燃B,くぎ抜き,長さが50㎝を超えるものは「粗大」,く
可燃,草・花,泥を落として袋に入れるか、50㎝以内の長さ、30㎝以内の束にする,く
不燃B,草刈り鎌,先端部分は紙等で保護し、カマと書く長さが50㎝を超えるものは「粗大」,く
粗大,草刈り機,,く
不燃B,くさり,一辺の長さが50㎝を超えると「粗大」,く
不燃B,くし（金属・プラスチック製）,,く
可燃,くし（天然材）,,く
可燃,薬の包装シート,,く
不燃B,口紅（金属製容器）,,く
可燃,口紅（プラスチック製容器）,,く
可燃,靴,"金具はできるだけはずして「不燃Ｂ」
サンダル・ブーツ・長靴等も可燃（50㎝以内に切る）",く
可燃,靴下,,く
可燃,クッション,容量が20?または一辺の長さが50㎝を超えると「粗大」,く
可燃,靴中敷き,,く
不燃B,靴べら（金属・プラスチック製）,,く
可燃,靴べら（天然材）,,く
不燃A・危険,靴用クリーム（金属製容器）,金具はできるだけはずして「不燃Ｂ」,く
可燃,靴用クリーム（プラスチック製容器）,,く
可燃,首輪,50㎝を超えると「粗大」,く
不燃B,熊手（金属製）,一辺の長さが50㎝を超えると「粗大」,く
可燃,クリスマスツリー（天然材）,一辺の長さが50㎝を超えると「粗大」,く
不燃B,クリスマスツリー（プラスチック製）,一辺の長さが50㎝を超えると「粗大」,く
可燃,クリヤーファイル,,く
可燃,クレジットカード,,く
可燃,クレヨン・クレパス,,く
不燃A・危険,グロー球,購入時に入っていたケースに入れて割れないように保護する,く
不燃B,くわ,一辺の長さが50㎝を超えると「粗大」,く
不燃A・危険,くん煙式殺虫剤（バルサン・アースレッド）,プラスチック製のものは「可燃」,く
可燃,ゲームソフト（ＣＤ）,ケースも含む,け
不燃B,ゲームソフト（カセット）,,け
不燃A・危険,蛍光管,購入時に入っていたケースに入れて割れないように保護する,け
不燃B,携帯電話,購入店・販売店等に相談する,け
可燃,毛糸,,け
不燃B,計量はかり,容量が20?または一辺の長さが50㎝を超えると「粗大」,け
不燃A・危険,化粧品のびん,,け
プラ,化粧品のプラスチック製容器,チューブ入りのもの「可燃」,け
粗大,下駄箱,一辺の長さを50㎝以内にすれば、木製…可燃、金属製・厚さ２㎜以上のプラスチック製…不燃Ｂ,け
可燃,消しゴム,,け
可燃,ケチャップの容器,,け
不燃B,血圧計,,け
不燃B,ケトル・やかん,,け
粗大,けん引ロープ,長さを50㎝以内に切断すれば「可燃」,け
可燃,玄関マット,一辺の長さを50㎝以内に切断すること,け
粗大,玄関泥落しマット（金属製）,一辺の長さが50㎝を超えると「粗大」,け
可燃,玄関泥落しマット（ナイロン製）,一辺の長さを50㎝以内に切断すること,け
不燃B,剣山,,け
×,原動機付自転車（50㏄バイク）,購入店・販売店等に相談する,け
可燃,ゴーグル（プラスチック製）,,こ
古紙,広告類,紐できちんと十字に縛り、ごみ袋へは入れない,こ
可燃,コート,一辺の長さを50㎝以内に切断すること,こ
不燃B,コード,長さを50㎝以内に切断すること,こ
不燃B,コーヒーメーカー,,こ
可燃,ござ,広げた状態で一辺の長さが50㎝を超えると「粗大」,こ
不燃B,コップ（金属・プラスチック製）,,こ
不燃B,コネクタ,,こ
粗大,コピー機（一般家庭用）,トナーについては、購入店・取扱店に相談する,こ
古紙,コミック・雑誌,紐できちんと十字に縛り、ごみ袋へは入れない,こ
可燃,ゴミ取りネット,,こ
可燃,ゴム,一辺の長さが50㎝を超えると「粗大」,こ
可燃,ゴム手袋,,こ
可燃,ゴム（ビニール）ホース,長さを50㎝以内に切断すること,こ
可燃,ゴムマット,一辺の長さを50㎝以内に切断すること,こ
可燃,コルク,,こ
不燃B,コルク抜き,,こ
可燃,コルクボード,一辺の長さが50㎝を超えると「粗大」,こ
可燃,ゴルフティー,,こ
粗大,ゴルフ用具セット,,こ
可燃,ゴルフボール,,こ
持込,コンクリートブロック,最終処分場へ持ち込む（有料）。自ら取壊し、自ら運搬するごみに限る。建設廃棄物は取扱しません。,こ
粗大,コンテナ,容量が20?または一辺の長さが50㎝以内ならば「不燃B」,こ
不燃B,コンパス,,こ
粗大,座椅子,,さ
可燃,財布,,さ
粗大,竿（物干し）,,さ
古紙,雑誌・広告類,紐できちんと十字に縛り、ごみ袋へは入れない,さ
不燃A・危険,殺虫剤のスプレー缶,中身を使い切り、必ず穴をあけてガスを抜く,さ
不燃A・危険,殺虫剤のビン,中身を使い切る,さ
可燃,座布団,50㎝を超えると「粗大」,さ
不燃A・危険,皿（ガラス・陶磁器製）,,さ
不燃B,皿（金属・プラスチック製）,,さ
不燃B,ザル（金属・プラスチック製）,,さ
可燃,ザル（天然材）,,さ
不燃B,三脚,一辺の長さが50㎝を超えると「粗大」,さ
粗大,三輪車,,さ
粗大,シーツ,一辺の長さを50㎝以内に切断すれば「可燃」,し
可燃,ジーンズ,一辺の長さを50㎝以内に切断すること,し
不燃A・危険,磁石,,し
不燃A・危険,しちりん,,し
不燃A・危険,湿度計,,し
不燃B,室内アンテナ,,し
プラ,湿布のフィルム,,し
古紙,辞典,紐できちんと十字に縛り、ごみ袋へは入れない,し
粗大,自転車,,し
可燃,自転車のタイヤ,長さを50㎝以内に切断すること,し
粗大,芝刈機,,し
不燃B,芝刈機等替え刃,先端部分は紙等で保護し、替え刃と書く,し
不燃B,シャープペンシル（金属製）,,し
可燃,シャープペンシル（プラスチック製）,,し
不燃B,しゃもじ（プラスチック製）,,し
可燃,しゃもじ（木製）,,し
プラ,シャンプー・リンスのボトル,中身は使い切って水洗いする　　,し
粗大,じゅうたん,一辺の長さを50㎝以内に切断すれば「可燃」,し
不燃B,充電器,一辺が50㎝もしくは容量が20?を超えると「粗大」,し
不燃B,収納ケース（プラスチック製）,容量が20?または一辺の長さが50㎝を超えると「粗大」,し
可燃,収納ケース（木製）,容量が20?または一辺の長さが50㎝を超えると「粗大」,し
不燃B,朱肉の金属製容器,中身は「可燃」,し
可燃,朱肉のプラスチック製容器,中身は「可燃」,し
粗大,瞬間湯沸かし器,業者工事のものは産業廃棄物業者に引き取ってもらう,し
×,消火器,購入店・販売店等に相談する　,し
不燃A・危険,焼却灰,灰が飛散しない程度に湿らせる。レジ袋２袋以上ある場合は直接最終処分場へ持ち込む（有料）,し
不燃B,定規（金属・プラスチック製）,長さを50㎝以内に切断すること,し
可燃,定規（木製）,長さを50㎝以内に切断すること,し
粗大,障子,一辺の長さを50㎝以内に切断すれば「可燃」,し
不燃B,浄水器,容量が20?または一辺の長さが50㎝を超えると「粗大」,し
粗大,照明器具,容量が20?以内かつ一辺の長さが50㎝以内ならば「不燃B」,し
不燃B,照明スタンド,容量が20?または一辺の長さが50㎝を超えると「粗大」,し
可燃,ジョウロ,,し
不燃B,ジョウロ（金属）,,し
粗大,食卓テーブル,,し
可燃,食用油,固めたり、紙にしみこませる,し
不燃A・危険,除光液のびん,,し
プラ,除光液のプラスチック製容器,,し
不燃B,除湿機,容量が20?または一辺の長さが50㎝を超えると「粗大」,し
粗大,食器乾燥機,,し
粗大,食器棚,,し
古紙,新聞紙,紐できちんと十字に縛り、ごみ袋へは入れない,し
可燃,ＣＤ,ケースも含む,し
不燃B,ＣＤプレーヤー,容量が20?または一辺の長さが50㎝を超えると「粗大」,し
不燃A・危険,水温計,,す
粗大,水槽（観賞用）,容量が20?以内かつ一辺の長さが50㎝以下ならば、プラスチック製…「不燃B」、ガラス製…「不燃A」,す
不燃B,水筒,中がガラスのものは「不燃Ａ」,す
不燃B,炊飯器（炊飯ジャー）,容量が20?または一辺の長さが50㎝を超えると「粗大」,す
古紙,図鑑,紐できちんと十字に縛り、ごみ袋へは入れない,す
粗大,スキー（スノーボード）用具セット,,す
粗大,スキーキャリア,,す
不燃B,スキー靴,,す
×,スクーター,購入店・販売店等に相談する,す
粗大,スケートボード,,す
不燃B,スケール（金属・プラスチック製）,,す
不燃B,スコップ,50㎝を超えると「粗大」,す
不燃A・危険,すずり,,す
粗大,すだれ,一辺の長さを50㎝以内に切断すれば「可燃」,す
不燃B,スタンプ台（金属製）,,す
可燃,スタンプ台（プラスチック製）,,す
粗大,スチール整理棚,,す
粗大,スチール机,,す
粗大,ステレオセット,容量が20?以内かつ一辺の長さが50㎝以内ならば「不燃B」,す
粗大,ストーブ（石油）,容量が20?以内または一辺の長さが50㎝以内であっても「粗大」。油を抜き、電池を外して出す。,す
粗大,ストーブ（ガス）,容量が20?以内かつ一辺の長さが50㎝以内ならば「不燃B」,す
可燃,ストロー,,す
不燃A・危険,砂,レジ袋２袋以上ある場合は直接最終処分場へ持ち込む（有料）。自ら破壊し、自ら運搬するものに限る,す
粗大,すのこ,一辺の長さを50㎝以内にすれば、木製…「可燃」、プラスチック製…「不燃B」,す
可燃,スパイクシューズ,,す
不燃B,スプーン,天然素材のものは「可燃」,す
不燃A・危険,スプレー缶,中身を使い切り、穴をあけてガスを抜く,す
粗大,ズボンプレッサー,,す
可燃,炭,,す
不燃B,スライサー,刃部分は紙等で保護し、刃物と書く,す
粗大,石油・ガス温水器,,せ
可燃,石鹸,,せ
不燃A・危険,せと物,,せ
不燃B,セロハンテープ台,,せ
可燃,線香,,せ
家電,洗濯機,家電リサイクル法に従って処理する,せ
不燃B,洗濯ばさみ,,せ
不燃B,剪定バサミ,先端部分は紙等で保護し、ハサミと書く長さが50㎝を超えるものは「粗大」,せ
粗大,扇風機,容量が20?以内かつ一辺の長さを50㎝以内にすれば「不燃B」,せ
可燃,洗面器,,せ
可燃,造花,,そ
不燃B,双眼鏡,,そ
粗大,掃除機,50㎝以内に分解したら「不燃Ｂ」（コードも50㎝以内に切る）,そ
可燃,掃除機用ゴミパック,,そ
可燃,台所マット,一辺の長さを50㎝以内に切断すること,た
不燃B,体温計,電池は取り除く。水銀式は｢危険｣,た
不燃B,体重計,,た
×,タイヤ（車・バイク）,購入店・販売店等に相談する,た
可燃,タイヤ（自転車）,50㎝以内に切る,た
粗大,タイヤチェーン（金属製・ゴム製）,,た
×,タイヤホイール,購入店・販売店等に相談する,た
不燃A・危険,タイル,一辺の長さが50㎝を超えると「粗大」,た
可燃,タオル,一辺の長さを50㎝以内に切断すること,た
可燃,竹ぼうき,長さを50㎝以内に切断すること,た
粗大,畳,一辺が50㎝もしくは容量が20?を超えると「粗大」,た
可燃,脱衣かご,金属製のものは「不燃Ｂ」一辺の長さが50㎝を超えると「粗大」,た
可燃,脱臭剤,,た
可燃,タッパー（台所用品）,,た
不燃B,玉子切り,,た
プラ,玉子ケース,,た
不燃B,タライ（金属・プラスチック製）,容量が20?または一辺の長さが50㎝を超えると「粗大」,た
可燃,タワシ（天然材）,,た
粗大,タンス,,た
古紙,ダンボール,たたんで１辺が50㎝以内の大きさにする。紐できちんと十字に縛り、ごみ袋へは入れない,た
不燃B,チェーンソー,容量が20?または一辺の長さが50㎝を超えると「粗大」,ち
粗大,チェスト,,ち
粗大,チャイルドシート,,ち
×,注射器・注射針,病院・購入店・販売店等に相談する,ち
可燃,チューブ（歯磨き粉･練りわさび等）,金属製は「不燃B」,ち
不燃B,茶碗（金属・プラスチック製）,,ち
可燃,茶碗（木製）,,ち
不燃B,彫刻刀,先端部分は紙等で保護し、彫刻刀と書く,ち
可燃,チョーク,,ち
粗大,つえ,長さを50㎝以内にすれば、木製…「可燃」、金属製…「不燃Ｂ」,つ
可燃,付け毛,,つ
不燃B,釣り竿,長さが50㎝を超えると「粗大」,つ
不燃B,釣り竿用リール,,つ
粗大,テーブル,,て
不燃B,テープレコーダー,容量が20?または一辺の長さが50㎝を超えると「粗大」,て
可燃,ＤＶＤ,ケースも含む,て
不燃B,ＤＶＤプレーヤー,容量が20?または一辺の長さが50㎝を超えると「粗大」,て
不燃A・危険,手鏡,,て
不燃B,鉄アレイ,,て
家電,テレビ,家電リサイクル法に従って処理する,て
粗大,テレビ台,,て
可燃,テレフォンカード,,て
粗大,電気温水器,業者工事のものは、産業廃棄物業者に引き取ってもらう,て
粗大,電気カーペット,温度調節器部分を切り取り50㎝以内に切って出せば「可燃」温度調節器部分は「不燃Ｂ」,て
不燃B,電気コード・ケーブル,長さを50㎝以内に切断すること,て
粗大,電気ストーブ,容量が20?以内かつ一辺の長さが50㎝以内ならば「不燃B」,て
不燃B,電気ポット,中がガラスのものは「不燃Ａ」,て
粗大,電気毛布,温度調節器部分を切り取り50㎝以内に切って出せば「可燃」温度調節器部分は「不燃Ｂ」,て
不燃A・危険,電球,購入時に入っていた保護カバーなどで保護する,て
不燃B,電磁調理器,容量が20?または一辺の長さが50㎝を超えると「粗大」,て
粗大,電子レンジ,容量が20?または一辺の長さが50㎝を超えると「粗大」,て
不燃B,電卓,,て
不燃B,テント支柱（家庭用）,50㎝を超えると「粗大」,て
不燃B,電動歯ブラシ,,て
可燃,天ぷら油,固めたり、紙にしみ込ませる,て
不燃B,天ぷらガード,,て
不燃B,電話機,,て
古紙,電話帳,新しい電話帳が届いたとき、配達員に渡すか、タウンページセンター（0120－506－309）ヘ回収を依頼する（無料）,て
不燃B,トースター,,と
不燃A・危険,砥石,,と
可燃,トイレットペーパーの芯,,と
不燃B,トイレブラシ,50㎝を超えると「粗大」,と
不燃B,トイレ便座,50㎝を超えると「粗大」,と
不燃B,投光器,,と
不燃B,時計,容量が20?または一辺の長さが50㎝を超えると「粗大」,と
粗大,トタン,一般家庭から出るものに限る。一辺の長さを50㎝以内にすると、厚さ２㎜以上のプラスチック製・金属製…「不燃Ｂ」、厚さ２㎜未満のプラスチック製…「可燃」,と
可燃,土のう袋,,と
不燃B,ドライバー,,と
不燃B,ドライヤー,,と
×,ドラム缶,購入店・販売店等に相談する,と
可燃,ドリップ用フィルター,,と
不燃B,ドリル,,と
プラ,トレイ,中身は使い切って水洗いする,と
不燃B,ナイフ,先端部分は紙等で保護し、ナイフと書く,な
不燃B,鍋焼きうどん（インスタント）のアルミ製容器,中身をとりのぞいて水洗いする,な
粗大,波板,一辺の長さを50㎝以内にすれば「不燃B」,な
可燃,縄（プラスチック製・天然材）,50㎝以内に切断する,な
不燃A・危険,ニスのびん・缶,中身は使い切る,に
缶,入浴剤の缶,中身は使い切って水洗いする。ひどく汚れた缶は「不燃Ａ」,に
プラ,入浴剤のボトル（プラスチック製）,中身は使い切って水洗いする　,に
不燃B,人形（プラスチック製）,一辺の長さが50㎝を超えると「粗大」,に
可燃,ぬいぐるみ（布製）,50㎝を超えると「粗大」,ぬ
可燃,布,一辺の長さを50㎝以内に切断すること,ぬ
可燃,ネクタイ,長さを50㎝以内に切断すること,ね
不燃B,ネジ（金属製）,,ね
可燃,ネット（天然材・プラスチック製）,一辺の長さを50㎝以内に切断すること,ね
不燃B,ネット支柱（金属製・プラスチック製）,一辺の長さが50㎝を超えると「粗大」,ね
粗大,寝袋,一辺の長さを50㎝以内に切断すれば「可燃」,ね
不燃A・危険,粘土,,ね
古紙,ノート,紐できちんと十字に縛り、ごみ袋へは入れない,の
不燃B,ノートパソコン,一辺の長さが50㎝を超えると「粗大」。できるだけパソコンリサイクルに申し込む（Ｐ7参照）,の
×,農機具,購入店・販売店等に相談する,の
×,農薬,購入店・販売店等に相談する,の
不燃A・危険,農薬の容器（ガラス・金属製）,中身は使い切る。一般家庭から出るものに限る,の
可燃,農薬の容器（プラスチック製）,中身は使い切る。一般家庭から出るものに限る,の
不燃B,ノコギリ,先端部分は紙等で保護し、ノコギリと書く　長さが50㎝を超えると「粗大」,の
不燃B,のみ,先端部分は紙等で保護し、ノミと書く,の
可燃,のれん,50㎝以内に切断する,の
可燃,歯,,は
粗大,バーベキューコンロ,,は
不燃B,ハーモニカ,,は
不燃A・危険,灰,灰が飛散しない程度に湿らせる。レジ袋２袋以上ある場合は直接最終処分場へ持ち込む（有料）,は
×,バイク,購入店・販売店等に相談する,は
粗大,パイプ椅子,容量が20?以下かつ一辺の長さが50㎝以下ならば「不燃Ｂ」,は
可燃,バインダー,厚さ2㎜を越えるものは「不燃B」,は
×,ハウスネット,購入店・販売店等に相談する,は
不燃B,ハエたたき,50㎝以内に切断する,は
不燃B,はかり,一辺が50㎝を越えると「粗大」,は
可燃,ハケ,,は
可燃,バケツ,金属製や厚さ２㎜を超えるプラスチック製のものは「不燃Ｂ」,は
不燃B,ハサミ,先端部分は紙等で保護し、ハサミと書く,は
可燃,バスタオル,一辺の長さを50㎝以内に切断すること,は
可燃,バスマット,一辺の長さを50㎝以内に切断すること,は
粗大,パソコン（デスクトップ型）,できるだけパソコンリサイクルに申し込む（P7参照）,は
粗大,パソコンラック,一辺の長さを50㎝以内にすれば、木製…「可燃」、金属製…「不燃Ｂ」,は
×,発煙筒,購入店・販売店等に相談する,は
可燃,バッグ類,"一辺が50㎝もしくは容量が20?を超えると「粗大」
金属類はできるだけ取り除いて「不燃Ｂ」　",は
×,バッテリー,購入店・販売店等に相談する,は
×,バッテリー補充液,購入店・販売店等に相談する,は
×,発電機,購入店・販売店等に相談する,は
粗大,バット,,は
プラ,発泡スチロール緩衝材,発泡スチロールの製品は折ると割れます,は
可燃,花火,必ず使用したのち、水に濡らしてから袋に入れて出す。未使用のものは販売店へ相談する。,は
不燃B,ハブラシ,,は
不燃B,刃物,先端部分は紙等で保護し、刃物と書く,は
不燃B,針,先端部分は紙等で保護し、針と書く,は
不燃B,針金,50㎝以内に切断する,は
不燃B,ハンガー,木製のものは「可燃」,は
不燃B,ハンマー,50㎝を超えるものは「粗大」,は
不燃B,ＰＨＳ（携帯電話）,購入店・販売店等に相談する,ひ
不燃B,ＢＳ（ＣＳ）アンテナ・チューナー,50㎝を超えるものは「粗大」,ひ
粗大,ビーチパラソル,,ひ
×,ピアノ,購入店・販売店等に相談する,ひ
不燃B,ピアノ線,50㎝以内に切断すること,ひ
不燃B,ひげ剃り（シェーバー）,,ひ
不燃B,ピック,先端部分は紙等で保護し、ピックと書く,ひ
不燃B,ビデオカメラ,,ひ
可燃,ビデオテープ,ケースも含む,ひ
粗大,ビデオデッキ,容量が20?以下かつ一辺の長さが50㎝以下ならば「不燃Ｂ」,ひ
粗大,ひな段,一辺の長さを50㎝以内にすれば、木製…可燃、金属製…不燃Ｂ,ひ
可燃,ビニールコート紙,,ひ
可燃,ビニールテープ,,ひ
粗大,ビニールシート・ブルーシート,50㎝以内に切れば「可燃」,ひ
×,ビニールシート（農業用）,購入店・販売店等に相談する,ひ
×,ビニールハウス,購入店・販売店等に相談する,ひ
可燃,ビニールホース,50㎝以内に切断すること,ひ
不燃B,火バサミ・火箸,,ひ
可燃,ひも,,ひ
不燃B,ヒューズ,,ひ
可燃,便せん,他人の目にふれてもよいものは古紙類,ひ
びん,びん,汚れたもの、割れたものは｢不燃A｣,ひ
不燃B,ブースターケーブル,50㎝以内に切断すること,ふ
可燃,ファイル,厚さ２㎜を超えるプラスチック製のものは「不燃Ｂ」,ふ
粗大,プール（幼児用）,一辺の長さを50㎝以内に切断すれば「可燃」,ふ
不燃B,ファックス,50㎝を越えるものは「粗大」,ふ
不燃B,ファンデーションのケース,チューブ、ボトル入りのものは「可燃」,ふ
可燃,風船,,ふ
可燃,封筒,,ふ
粗大,ふすま,,ふ
不燃B,ふた・キャップ（金属製）,,ふ
プラ,ふた・キャップ（プラスチック製）,,ふ
可燃,筆,,ふ
×,不凍液,購入店・販売店等に相談する,ふ
粗大,布団・布団カバー,50㎝以内に切れば「可燃」,ふ
不燃B,布団たたき（金属・プラスチック製）,50㎝を越えるものは「粗大」,ふ
可燃,布団たたき（天然材）,50㎝を越えるものは「粗大」,ふ
不燃B,フライパン,,ふ
粗大,ブラインド,50㎝以内にすると「不燃B」,ふ
×,プラグ（スパークプラグ）,購入店・販売店等に相談する,ふ
可燃,ブラシ,厚さ２㎜を超えるプラスチック製のものは「不燃Ｂ」,ふ
可燃,プラモデル,厚さ２㎜を超えるプラスチック製のものは「不燃Ｂ」,ふ
粗大,ブランコ（幼児用）,一辺の長さを50㎝以内にすれば、木製…「可燃」、金属製・厚さ２㎜以上のプラスチック製…「不燃Ｂ」,ふ
不燃B,プランター,厚さ２mm以下のものは「可燃」、容量が20?または一辺の長さが50cmを超えると「粗大」,ふ
粗大,プリンター,容量が20?以内かつ一辺の長さが50㎝以内ならば「不燃Ｂ」,ふ
プラ,プリンのカップ,中身をとりのぞいて水洗いする,ふ
可燃,ブルーレイディスク,,ふ
不燃B,ブルーレイプレイヤー,一辺が50㎝もしくは容量が20?を越えると「粗大」,ふ
不燃B,ふるい（金属・プラスチック製）,一辺が50㎝もしくは容量が20?を越えると「粗大」,ふ
不燃B,風呂イス（プラスチック製）,,ふ
可燃,風呂イス（木製）,,ふ
不燃A・危険,ブロック,レジ袋２袋以上ある場合は直接最終処分場へ持ち込む（有料）。自ら取壊し、自ら運搬するものに限る,ふ
可燃,フロッピーディスク,ケースを含む,ふ
×,プロパンガスボンベ,購入店・販売店等に相談する,ふ
粗大,風呂ふた,一辺の長さを50㎝以内にすれば、木製…可燃、金属製・厚さ２㎜以上のプラスチック製…不燃Ｂ,ふ
粗大,風呂マット,一辺の長さを50㎝以内に切断すれば可燃,ふ
古紙,文庫本,紐できちんと十字に縛り、ごみ袋へは入れない,ふ
不燃A・危険,ヘアスプレー,中身は使い切り穴をあけて出す,へ
不燃B,ヘアピン,,へ
粗大,ベット,,へ
粗大,ペット小屋,一辺の長さを50㎝以内にすれば、木製…可燃、厚さ２㎜以上のプラスチック製…不燃Ｂ,へ
不燃A・危険,ペットの砂,紙製のものは可燃,へ
×,ペットのふん,トイレで処理する,へ
缶,ペットフードの缶,中身は使い切って水洗いする。ひどく汚れたものは｢不燃A｣,へ
不燃B,ヘッドホン,,へ
ペット,ペットボトル,,へ
プラ,ペットボトルのラベル・ふた,中身は使い切って水洗いする。マジックや絵の具で工作したものは「可燃」,へ
粗大,ベビーカー,,へ
粗大,ベビーチェア,,へ
粗大,ベビーバス,,へ
粗大,ベビーベット,,へ
可燃,ベルト,"50㎝以内に切断すること
金属部分は「不燃Ｂ」",へ
不燃B,ヘルメット,,へ
可燃,ペン,,へ
×,ペンキ,購入店・販売店に相談する,へ
不燃A・危険,ペンキの容器（金属製）,中身は使い切る,へ
可燃,便座カバー,,へ
×,ベンジン,購入店・販売店に相談する,へ
不燃B,弁当箱（金属・プラスチック製）,中身をとりのぞいて水洗いする,へ
プラ,弁当使い捨て容器（プラスチック製）,中身をとりのぞいて水洗いする,へ
可燃,ホース,50㎝以内に切断。ワイヤー入りは「不燃Ｂ」,ほ
可燃,防水加工紙,,ほ
不燃B,ホースリール,容量が20?または一辺の長さが50㎝を超えると「粗大」,ほ
粗大,ホームこたつ・こたつ板,,ほ
不燃A・危険,ボウリング球,,ほ
可燃,ボール（球技用）,,ほ
不燃B,ボウル（金属・プラスチック製）,プラスチック製のうすいものは「可燃」,ほ
可燃,ボールペン,金属製のものは「不燃Ｂ」,ほ
不燃B,ホーロー鍋,,ほ
不燃B,望遠鏡,50㎝を超えるものは「粗大」,ほ
粗大,ほうき,50㎝以内に切ると「可燃」,ほ
可燃,芳香剤,ビン入りのものは「不燃Ａ」,ほ
可燃,帽子,,ほ
プラ,包装用フィルム,,ほ
可燃,包帯,,ほ
可燃,防虫剤,スプレー式は穴をあけて危険物,ほ
可燃,防虫シート,,ほ
不燃B,包丁,先端部分は紙等で保護し、刃物と書く,ほ
プラ,ポケットティッシュの袋,,ほ
可燃,墨汁の容器,,ほ
古紙,ポスター,,ほ
×,ボタン電池,購入店・販売店等に相談する,ほ
古紙,ボックスティッシュの箱,フィルムは「プラ」へ,ほ
粗大,ホットプレート,容量が20?以内かつ一辺の長さが50㎝以内ならば「不燃Ｂ」,ほ
可燃,骨（魚・鳥等）,,ほ
プラ,ポリ袋,,ほ
可燃,ポリタンク,"18?のものは「可燃」
20?を超えるものは「粗大」",ほ
可燃,保冷材,,ほ
粗大,本棚・本箱,一辺の長さを50㎝以内にすれば、木製…「可燃」、金属製・厚さ2㎜以上のプラスチック製…「不燃Ｂ」,ほ
可燃,ボンド,,ほ
プラ,マーガリンの容器,"中身を使い切って水洗いする。
ひどく汚れているものは可燃",ま
不燃B,麻雀牌,,ま
不燃B,マイク,,ま
不燃B,マウス（パソコン用）,,ま
可燃,マウスパッド,,ま
不燃B,巻き尺,50㎝以内に切断する,ま
不燃A・危険,マグカップ（ガラス・陶磁器製）,,ま
不燃B,マグカップ（金属・プラスチック製）,,ま
不燃A・危険,マグネット,,ま
可燃,まくら,50㎝以内に切断する,ま
不燃A・危険,マジック,プラスチック製のものは「可燃」,ま
可燃,マスカラの容器,中身を使い切る プラスチック製→｢可燃｣　金属製→中身を使い切って｢不燃A｣,ま
粗大,マッサージ機,容量が20?以内かつ一辺の長さが50㎝以内ならば「不燃Ｂ」,ま
可燃,マッチ,必ず使用したのち水にしめらせてから袋に入れて出す,ま
粗大,マットレス,,ま
不燃B,まな板（プラスチック製）,50㎝を超えるものは「粗大」木製のもので50㎝以内のものは「可燃」,ま
不燃A・危険,マニキュアの容器,中身を使い切る,ま
可燃,マフラー,50㎝以内に切断する,ま
可燃,マヨネーズの容器,,ま
不燃B,万年筆,プラスチック製のものは「可燃」,ま
プラ,みかんネット,,み
不燃B,ミキサー,ガラス部分は「不燃A」、一辺が50㎝もしくは容量が20?を超えると「粗大」,み
粗大,ミシン,卓上型で容量20?以内かつ一辺の長さが50㎝以内ならば「不燃Ｂ」,み
不燃A・危険,ミシン油の容器（金属製・びん）,中身を使い切る,み
可燃,ミシン油の容器（プラスチック製）,中身を使い切る,み
不燃A・危険,水差し（ガラス・陶磁器製）,,み
不燃B,水差し（金属・プラスチック製）,,み
可燃,水枕,,み
不燃B,蒸し器,木製のものは「可燃」容量が20?または一辺の長さが50㎝を超えると「粗大」,む
不燃B,めがね,,め
可燃,メガホン,長さが50㎝を超えると「粗大」,め
可燃,目薬の容器,中身を使い切る,め
不燃B,目覚まし時計,,め
不燃B,メジャー（金属・プラスチック製）,,め
粗大,毛布,50㎝以内に切れば「可燃」,も
可燃,木工ボンドの容器,中身を使い切る,も
粗大,モップの柄,一辺の長さを50㎝以内にすれば、木製…「可燃」、金属製・厚さ2㎜以上のプラスチック製…「不燃Ｂ」,も
粗大,物置（組立式）,,も
粗大,物干し竿,,も
粗大,物干しコンクリート台（１式）,コンクリート部分（取り外しできるもの）は、最終処分場に持ち込み（有料）,も
粗大,物干し用具（コンクリート除く）,,も
不燃B,やかん（ケトル）,,や
不燃A・危険,焼き物（陶磁器）,,や
不燃B,湯たんぽ,,ゆ
不燃A・危険,湯飲み,,ゆ
不燃B,湯沸かしポット,,ゆ
プラ,ヨーグルトの容器,中身を使い切って、水洗いする,よ
粗大,浴槽,業者工事のものは、産業廃棄物業者に引き取ってもらう。,よ
不燃A・危険,ライター,中身は使いきる,ら
不燃B,ラケット（金属・プラスチック製）,長さが50㎝を超えると「粗大」,ら
不燃B,ラジオ,,ら
不燃B,ラジカセ,一辺が50㎝もしくは容量が20?を超えると「粗大」,ら
不燃B,ラジコン,,ら
×,ラッカー・シンナー,購入店・販売店等に相談する,ら
粗大,ラック,,ら
可燃,ラミネートチューブ,,ら
不燃B,リール（釣り竿用）,,り
不燃B,リモコン,,り
粗大,リヤカー,,り
可燃,料理クズ,,り
可燃,ルーズリーフファイル,金属の部分はできるだけ外して「不燃Ｂ」,る
家電,冷蔵庫,家電リサイクル法に従って処理する,れ
可燃,冷蔵庫脱臭剤,,れ
家電,冷凍庫,家電リサイクル法に従って処理する,れ
プラ,冷凍食品の袋,中身をとりのぞいて水洗いする,れ
可燃,レコード,,れ
不燃B,レコードプレーヤー,容量が20?または一辺の長さが50㎝を超えると「粗大」,れ
可燃,レシート,,れ
粗大,レジャーシート,一辺の長さを50㎝以内に切断すれば「可燃」,れ
不燃A・危険,れんが,レジ袋２袋以上ある場合は直接最終処分場へ持ち込む（有料）。自ら運搬するものに限る,れ
不燃A・危険,レンゲ（陶磁器製）,,れ
粗大,レンジ,容量が20?または一辺の長さが50㎝を超えないものは「不燃B」,れ
粗大,レンジ台,,れ
可燃,ロープ,50㎝以内に切断すること　漁業で使用したものは市では取扱わない。,ろ
不燃B,ローラースケート,,ろ
可燃,ロウソク,,ろ
不燃B,ワープロ,容量が20?または一辺の長さが50㎝を超えると「粗大」,わ
可燃,ワープロリボン,,わ
不燃B,ワイパー,,わ
可燃,ワイパーゴム,一般家庭から出たものに限る,わ
不燃B,ワイヤー,50㎝以内に切断する,わ
可燃,輪ゴム,,わ
不燃A・危険,ワックスの容器,中身を使い切る　金属製のものは｢不燃A｣　プラスチック製のものは｢可燃｣,わ
不燃B,碗（金属・プラスチック製）,,わ
可燃,碗（木製）,,わ
不燃A・危険,碗（陶磁器製）,,わ
